user_id,name,email,phone,address,signup_date,membership_status,loyalty_points,customer_lifecycle,state,city,timezone,age_group,gender,income_level,acquisition_channel,referral_source,engagement_level,is_newsletter_subscriber,is_sms_subscriber,last_login_date,total_logins,estimated_clv,customer_preferences,communication_preferences
1,Allison Hill,allison_hill@hotmail.com,(323) 905-1981,"2590 Broadway, Elizabethmouth, CA 70875",2024-12-30,Bronze,1807,at_risk,CA,Elizabethmouth,PST,45-54,M,Middle,social_media,,medium,True,False,2025-07-20,9,88.66,"{'preferred_categories': ['Beauty', 'Toys', 'Books', 'Health', 'Home'], 'price_sensitivity': 'medium', 'brand_loyalty': 'low', 'shopping_frequency': 'occasional', 'preferred_payment': 'debit_card'}","{'email': True, 'sms': True, 'push_notifications': True, 'phone_calls': False}"
2,Noah Rhodes,noah.awesome98@gmail.com,(308) 526-4960,"7643 Oak Ave Suite 254, Terryside, HI 22689",2022-10-30,Platinum,14368,champion,HI,Terryside,EST,25-34,M,Middle,organic_search,,high,True,False,2024-06-11,96,2733.7,"{'preferred_categories': ['Toys', 'Beauty', 'Clothing'], 'price_sensitivity': 'medium', 'brand_loyalty': 'high', 'shopping_frequency': 'frequent', 'preferred_payment': 'apple_pay'}","{'email': True, 'sms': False, 'push_notifications': True, 'phone_calls': True}"
3,Angie Henderson,angie.pro25@gmail.com,(904) 710-6055,"8149 Main St Ste 403, East Robert, FL 41552",2024-03-31,Gold,14981,champion,FL,East Robert,EST,18-24,M,Low,social_media,,low,True,False,2025-03-15,36,242.67,"{'preferred_categories': ['Sports', 'Beauty', 'Health'], 'price_sensitivity': 'low', 'brand_loyalty': 'high', 'shopping_frequency': 'regular', 'preferred_payment': 'paypal'}","{'email': False, 'sms': False, 'push_notifications': False, 'phone_calls': True}"
4,Daniel Wagner,daniel.wagner.11@gmail.com,(310) 641-3194,"4334 Washington St, Byrdburgh, RI 57964",2025-02-25,Silver,4840,at_risk,RI,Byrdburgh,EST,55-64,F,Upper-Middle,direct,,high,True,False,2025-08-20,20,431.13,"{'preferred_categories': ['Electronics', 'Beauty'], 'price_sensitivity': 'low', 'brand_loyalty': 'high', 'shopping_frequency': 'regular', 'preferred_payment': 'paypal'}","{'email': False, 'sms': False, 'push_notifications': True, 'phone_calls': True}"
5,Cristian Santos,cristian46@gmail.com,(838) 896-2946,"2109 Oak Ave, Richardtown, OK 54444",2025-01-10,Bronze,667,at_risk,OK,Richardtown,EST,25-34,F,Middle,direct,,high,False,True,2025-06-30,32,205.86,"{'preferred_categories': ['Toys', 'Sports'], 'price_sensitivity': 'high', 'brand_loyalty': 'low', 'shopping_frequency': 'regular', 'preferred_payment': 'paypal'}","{'email': True, 'sms': False, 'push_notifications': False, 'phone_calls': True}"
6,Connie Lawrence,theconnielawrence@att.net,(541) 685-9508,"7488 First St, Justinchester, CT 77568",2023-04-23,Bronze,2964,at_risk,CT,Justinchester,EST,55-64,M,Low,social_media,,medium,True,False,2024-07-27,43,54.64,"{'preferred_categories': ['Toys', 'Books'], 'price_sensitivity': 'high', 'brand_loyalty': 'medium', 'shopping_frequency': 'frequent', 'preferred_payment': 'paypal'}","{'email': True, 'sms': True, 'push_notifications': True, 'phone_calls': False}"
7,Abigail Shaffer,abigail.shaffer.74@gmail.com,(954) 745-9025,"9223 Park Ave, Stevenmouth, FL 12180",2024-07-03,Bronze,2324,at_risk,FL,Stevenmouth,EST,35-44,F,Upper-Middle,direct,,high,True,False,2025-06-01,52,210.72,"{'preferred_categories': ['Home', 'Beauty', 'Clothing', 'Electronics', 'Health'], 'price_sensitivity': 'low', 'brand_loyalty': 'medium', 'shopping_frequency': 'occasional', 'preferred_payment': 'paypal'}","{'email': False, 'sms': False, 'push_notifications': False, 'phone_calls': True}"
8,Gina Moore,realginamoore@protonmail.com,(909) 791-4728,"842 Elm St, New Thomas, CA 78712",2023-03-21,Platinum,16355,champion,CA,New Thomas,PST,35-44,M,Lower-Middle,organic_search,,low,True,False,2024-07-07,34,791.64,"{'preferred_categories': ['Sports', 'Books', 'Electronics', 'Beauty'], 'price_sensitivity': 'medium', 'brand_loyalty': 'high', 'shopping_frequency': 'frequent', 'preferred_payment': 'debit_card'}","{'email': False, 'sms': True, 'push_notifications': True, 'phone_calls': False}"
9,Gabrielle Davis,gabrielledavis@gmail.com,(214) 651-6139,"6862 First St, Lake Christopher, TX 36724",2022-11-08,Gold,9679,loyal,TX,Lake Christopher,CST,25-34,F,Lower-Middle,paid_search,,high,True,False,2025-04-09,1,1209.93,"{'preferred_categories': ['Clothing', 'Sports'], 'price_sensitivity': 'medium', 'brand_loyalty': 'medium', 'shopping_frequency': 'frequent', 'preferred_payment': 'apple_pay'}","{'email': False, 'sms': True, 'push_notifications': False, 'phone_calls': True}"
10,Ryan Munoz,ryan17@outlook.com,(878) 689-9609,"6174 Washington St, Clarencebury, VA 70249",2023-12-27,Gold,10788,champion,VA,Clarencebury,EST,45-54,M,High,influencer,,low,True,False,2025-04-22,71,877.58,"{'preferred_categories': ['Toys', 'Home', 'Electronics'], 'price_sensitivity': 'high', 'brand_loyalty': 'medium', 'shopping_frequency': 'frequent', 'preferred_payment': 'apple_pay'}","{'email': True, 'sms': False, 'push_notifications': False, 'phone_calls': False}"
11,Monica Herrera,monicaherrera@icloud.com,(485) 771-5890,"3685 Park Ave, Jeffreyborough, SD 37168",2024-03-24,Bronze,1500,at_risk,SD,Jeffreyborough,EST,25-34,F,Lower-Middle,social_media,,medium,True,False,2024-05-09,75,152.0,"{'preferred_categories': ['Home', 'Health', 'Toys'], 'price_sensitivity': 'medium', 'brand_loyalty': 'high', 'shopping_frequency': 'frequent', 'preferred_payment': 'paypal'}","{'email': False, 'sms': False, 'push_notifications': True, 'phone_calls': False}"
12,Jamie Arnold,jamie_arnold@icloud.com,(845) 553-3399,"4759 Main St Apt 732, North Brandon, NY 55398",2022-11-05,Platinum,17951,champion,NY,North Brandon,EST,18-24,F,Middle,affiliate,,high,False,False,2025-06-09,87,1849.37,"{'preferred_categories': ['Health', 'Home', 'Books', 'Clothing'], 'price_sensitivity': 'high', 'brand_loyalty': 'medium', 'shopping_frequency': 'frequent', 'preferred_payment': 'paypal'}","{'email': True, 'sms': False, 'push_notifications': False, 'phone_calls': True}"
13,Lisa Hensley,thelisahensley@icloud.com,(909) 445-4972,"832 Cedar St Apt 239, Carrland, CA 23133",2024-03-13,Gold,15973,champion,CA,Carrland,PST,25-34,F,Lower-Middle,referral,colleague,medium,True,True,2024-05-29,84,693.34,"{'preferred_categories': ['Home', 'Clothing', 'Electronics'], 'price_sensitivity': 'low', 'brand_loyalty': 'low', 'shopping_frequency': 'regular', 'preferred_payment': 'credit_card'}","{'email': False, 'sms': False, 'push_notifications': True, 'phone_calls': False}"
14,Michele Williams,michele_williams@yahoo.com,(940) 404-5706,"5263 Park Ave, Perryshire, TX 21725",2023-07-28,Silver,2895,at_risk,TX,Perryshire,CST,35-44,Other,Lower-Middle,paid_search,,low,True,False,2025-08-02,68,145.62,"{'preferred_categories': ['Clothing', 'Books'], 'price_sensitivity': 'medium', 'brand_loyalty': 'low', 'shopping_frequency': 'occasional', 'preferred_payment': 'debit_card'}","{'email': True, 'sms': True, 'push_notifications': True, 'phone_calls': False}"
15,Dylan Miller,dylan.miller.60@gmail.com,(707) 390-5742,"614 Main St Apt 618, Lake Heather, MD 53914",2025-07-30,Bronze,329,developing,MD,Lake Heather,EST,45-54,M,Middle,organic_search,,high,False,True,2025-08-09,100,155.71,"{'preferred_categories': ['Health', 'Sports', 'Toys', 'Books'], 'price_sensitivity': 'medium', 'brand_loyalty': 'high', 'shopping_frequency': 'regular', 'preferred_payment': 'paypal'}","{'email': False, 'sms': False, 'push_notifications': False, 'phone_calls': True}"
16,Brian Ramirez,brian27@msn.com,(366) 948-8518,"4216 First St Unit 346, Rossberg, IL 84420",2023-09-27,Bronze,2018,at_risk,IL,Rossberg,CST,45-54,F,Middle,referral,review_site,very_high,True,True,2025-01-24,28,380.92,"{'preferred_categories': ['Home', 'Beauty', 'Health', 'Electronics', 'Books'], 'price_sensitivity': 'low', 'brand_loyalty': 'medium', 'shopping_frequency': 'regular', 'preferred_payment': 'apple_pay'}","{'email': True, 'sms': True, 'push_notifications': True, 'phone_calls': True}"
17,Holly Wood,holly.wood@aol.com,(510) 343-8822,"5302 Second St Suite 393, Port Michelleville, CA 68554",2025-07-07,Bronze,513,developing,CA,Port Michelleville,PST,55-64,M,Low,influencer,,medium,False,False,2025-07-27,90,136.97,"{'preferred_categories': ['Books', 'Home'], 'price_sensitivity': 'medium', 'brand_loyalty': 'high', 'shopping_frequency': 'regular', 'preferred_payment': 'debit_card'}","{'email': True, 'sms': True, 'push_notifications': False, 'phone_calls': False}"
18,Derek Zuniga,thederekzuniga@yahoo.com,(408) 676-6026,"2617 Lincoln Ave, Robinsonhaven, CA 50760",2023-02-11,Gold,11615,champion,CA,Robinsonhaven,PST,35-44,F,Low,email_marketing,,high,True,False,2024-03-28,50,1236.18,"{'preferred_categories': ['Books', 'Home'], 'price_sensitivity': 'low', 'brand_loyalty': 'medium', 'shopping_frequency': 'regular', 'preferred_payment': 'debit_card'}","{'email': False, 'sms': True, 'push_notifications': False, 'phone_calls': True}"
19,Lisa Jackson,thelisajackson@gmail.com,(820) 582-7813,"8999 Broadway, Williamsbury, NJ 97044",2024-03-07,Silver,4001,loyal,NJ,Williamsbury,EST,25-34,F,Low,referral,colleague,low,True,True,2025-08-01,42,251.99,"{'preferred_categories': ['Beauty', 'Books', 'Home', 'Clothing', 'Electronics'], 'price_sensitivity': 'medium', 'brand_loyalty': 'high', 'shopping_frequency': 'frequent', 'preferred_payment': 'credit_card'}","{'email': True, 'sms': False, 'push_notifications': True, 'phone_calls': False}"
20,Carla Gray,carla.gray@icloud.com,(777) 314-2011,"8973 Cedar St Suite 550, South Dennismouth, CO 31566",2025-01-21,Bronze,1023,at_risk,CO,South Dennismouth,MST,25-34,F,Low,paid_search,,low,False,False,2025-02-21,84,41.67,"{'preferred_categories': ['Health', 'Beauty', 'Books'], 'price_sensitivity': 'medium', 'brand_loyalty': 'medium', 'shopping_frequency': 'regular', 'preferred_payment': 'apple_pay'}","{'email': True, 'sms': False, 'push_notifications': True, 'phone_calls': True}"
21,Margaret Hawkins DDS,margaret_dds@yahoo.com,(335) 725-7806,"7485 Elm St Unit 474, Stephaniemouth, IL 12853",2024-05-28,Gold,9362,loyal,IL,Stephaniemouth,CST,18-24,F,Upper-Middle,affiliate,,medium,False,False,2024-09-26,28,1134.77,"{'preferred_categories': ['Electronics', 'Books'], 'price_sensitivity': 'low', 'brand_loyalty': 'low', 'shopping_frequency': 'occasional', 'preferred_payment': 'credit_card'}","{'email': True, 'sms': True, 'push_notifications': True, 'phone_calls': False}"
22,Patty Perez,patty.perez@gmail.com,(347) 683-1519,"4704 Lincoln Ave Ste 139, Rivasside, NY 59081",2025-04-26,Bronze,810,at_risk,NY,Rivasside,EST,45-54,F,Middle,organic_search,,medium,True,False,2025-06-11,81,238.71,"{'preferred_categories': ['Sports', 'Books', 'Beauty', 'Clothing', 'Electronics'], 'price_sensitivity': 'low', 'brand_loyalty': 'medium', 'shopping_frequency': 'occasional', 'preferred_payment': 'credit_card'}","{'email': False, 'sms': False, 'push_notifications': False, 'phone_calls': True}"
23,Ethan Adams,ethanadams@gmail.com,(750) 602-9664,"2087 Second St, Merrittfort, VA 12979",2023-05-03,Silver,4113,loyal,VA,Merrittfort,EST,25-34,M,Upper-Middle,social_media,,medium,True,False,2024-01-28,54,484.63,"{'preferred_categories': ['Clothing', 'Toys', 'Beauty'], 'price_sensitivity': 'high', 'brand_loyalty': 'high', 'shopping_frequency': 'occasional', 'preferred_payment': 'credit_card'}","{'email': False, 'sms': False, 'push_notifications': False, 'phone_calls': True}"
24,Tommy Walter,tommy58@icloud.com,(393) 942-2848,"528 Lincoln Ave, Greenbury, ID 12050",2023-09-07,Silver,3796,loyal,ID,Greenbury,EST,45-54,M,Lower-Middle,organic_search,,medium,True,True,2024-11-08,12,237.8,"{'preferred_categories': ['Clothing', 'Home', 'Beauty', 'Books', 'Health'], 'price_sensitivity': 'medium', 'brand_loyalty': 'low', 'shopping_frequency': 'frequent', 'preferred_payment': 'apple_pay'}","{'email': False, 'sms': False, 'push_notifications': False, 'phone_calls': False}"
25,Matthew Foster,matthew_foster@hotmail.com,(649) 439-9843,"3560 Main St Suite 297, Katiehaven, SC 85511",2023-05-15,Silver,7930,loyal,SC,Katiehaven,EST,55-64,F,Middle,paid_search,,high,True,False,2023-09-08,34,531.13,"{'preferred_categories': ['Health', 'Clothing', 'Home', 'Sports'], 'price_sensitivity': 'high', 'brand_loyalty': 'high', 'shopping_frequency': 'regular', 'preferred_payment': 'apple_pay'}","{'email': True, 'sms': False, 'push_notifications': False, 'phone_calls': True}"
26,Judy Baker,judy.baker@protonmail.com,(770) 805-3869,"7000 Cedar St, Simsview, MO 55143",2023-06-07,Gold,7558,loyal,MO,Simsview,CST,18-24,M,Upper-Middle,paid_search,,high,True,True,2024-02-05,61,1625.08,"{'preferred_categories': ['Sports', 'Health', 'Toys', 'Beauty'], 'price_sensitivity': 'high', 'brand_loyalty': 'low', 'shopping_frequency': 'frequent', 'preferred_payment': 'paypal'}","{'email': True, 'sms': True, 'push_notifications': False, 'phone_calls': False}"
27,Justin Baker,justin.baker.33@gmail.com,(750) 684-4948,"3693 Park Ave, Jonesport, TN 28920",2024-06-06,Bronze,2595,at_risk,TN,Jonesport,EST,18-24,M,Middle,social_media,,medium,True,False,2024-06-08,43,187.95,"{'preferred_categories': ['Health', 'Books', 'Electronics', 'Toys', 'Beauty'], 'price_sensitivity': 'low', 'brand_loyalty': 'medium', 'shopping_frequency': 'frequent', 'preferred_payment': 'paypal'}","{'email': False, 'sms': False, 'push_notifications': False, 'phone_calls': False}"
28,Stephanie Ross,stephanieross@outlook.com,(661) 862-2295,"7370 Washington St Suite 742, West Matthew, CA 16755",2022-10-13,Gold,10572,champion,CA,West Matthew,PST,25-34,F,Middle,referral,colleague,medium,True,False,2024-07-08,98,1122.05,"{'preferred_categories': ['Sports', 'Beauty', 'Books', 'Clothing', 'Electronics'], 'price_sensitivity': 'high', 'brand_loyalty': 'low', 'shopping_frequency': 'regular', 'preferred_payment': 'credit_card'}","{'email': True, 'sms': True, 'push_notifications': True, 'phone_calls': False}"
29,Zachary Hicks,zachary34@gmail.com,(215) 416-4113,"1923 Broadway, East Edwardfurt, MO 89220",2023-06-10,Gold,11791,champion,MO,East Edwardfurt,CST,25-34,F,Lower-Middle,organic_search,,low,False,False,2025-05-09,90,401.54,"{'preferred_categories': ['Clothing', 'Books', 'Health', 'Beauty'], 'price_sensitivity': 'low', 'brand_loyalty': 'medium', 'shopping_frequency': 'occasional', 'preferred_payment': 'apple_pay'}","{'email': True, 'sms': True, 'push_notifications': False, 'phone_calls': True}"
30,Anthony Rodriguez,anthony46@gmail.com,(467) 568-9401,"8148 Broadway Ste 740, Lake Jason, PA 51973",2024-02-03,Bronze,2502,at_risk,PA,Lake Jason,EST,45-54,F,Upper-Middle,email_marketing,,medium,True,False,2025-07-22,15,316.28,"{'preferred_categories': ['Health', 'Electronics', 'Books'], 'price_sensitivity': 'high', 'brand_loyalty': 'medium', 'shopping_frequency': 'regular', 'preferred_payment': 'debit_card'}","{'email': False, 'sms': False, 'push_notifications': True, 'phone_calls': True}"
31,Rebecca Henderson,rebecca_awesome3@gmail.com,(793) 937-7841,"4837 First St Ste 236, Russellside, MD 84683",2024-06-05,Gold,13431,champion,MD,Russellside,EST,35-44,M,Lower-Middle,email_marketing,,low,False,True,2025-06-04,98,580.77,"{'preferred_categories': ['Books', 'Home'], 'price_sensitivity': 'low', 'brand_loyalty': 'high', 'shopping_frequency': 'frequent', 'preferred_payment': 'credit_card'}","{'email': True, 'sms': True, 'push_notifications': False, 'phone_calls': True}"
32,James Ferrell,jamesferrell@aol.com,(518) 937-9954,"8001 First St, Perryborough, NY 81058",2025-07-11,Bronze,654,developing,NY,Perryborough,EST,25-34,F,Lower-Middle,organic_search,,low,False,True,2025-08-08,11,128.66,"{'preferred_categories': ['Home', 'Books', 'Sports', 'Health', 'Toys'], 'price_sensitivity': 'medium', 'brand_loyalty': 'medium', 'shopping_frequency': 'frequent', 'preferred_payment': 'debit_card'}","{'email': False, 'sms': True, 'push_notifications': True, 'phone_calls': True}"
33,Tricia Valencia,triciavalencia@outlook.com,(845) 436-2113,"2475 Main St Unit 467, Priceshire, WV 17923",2023-09-25,Bronze,2571,at_risk,WV,Priceshire,EST,45-54,F,Middle,paid_search,,medium,True,False,2023-10-20,90,142.68,"{'preferred_categories': ['Home', 'Clothing', 'Sports'], 'price_sensitivity': 'low', 'brand_loyalty': 'low', 'shopping_frequency': 'occasional', 'preferred_payment': 'debit_card'}","{'email': False, 'sms': False, 'push_notifications': False, 'phone_calls': True}"
34,Nathan Maldonado,nathan.maldonado@icloud.com,(217) 742-5501,"8778 Park Ave Ste 833, Port Nicoleshire, AZ 33496",2023-10-24,Platinum,17907,champion,AZ,Port Nicoleshire,MST,35-44,M,Middle,paid_search,,medium,True,False,2024-04-20,77,1287.9,"{'preferred_categories': ['Clothing', 'Toys', 'Health', 'Beauty', 'Books'], 'price_sensitivity': 'medium', 'brand_loyalty': 'low', 'shopping_frequency': 'frequent', 'preferred_payment': 'paypal'}","{'email': True, 'sms': False, 'push_notifications': True, 'phone_calls': True}"
35,Debra Davidson,debra77@gmail.com,(845) 670-4984,"3701 Park Ave, Woodsstad, NY 20566",2023-05-10,Platinum,20046,champion,NY,Woodsstad,EST,18-24,F,Low,direct,,medium,False,False,2024-07-30,4,877.99,"{'preferred_categories': ['Health', 'Electronics', 'Home', 'Beauty'], 'price_sensitivity': 'high', 'brand_loyalty': 'medium', 'shopping_frequency': 'regular', 'preferred_payment': 'debit_card'}","{'email': False, 'sms': True, 'push_notifications': True, 'phone_calls': False}"
36,Jeffrey Chavez,officialjeffreychavez@protonmail.com,(375) 284-9189,"7110 Washington St, Karenchester, MT 22499",2025-08-29,Silver,1758,new,MT,Karenchester,EST,65+,F,Lower-Middle,paid_search,,high,False,True,2025-09-01,75,599.44,"{'preferred_categories': ['Home', 'Toys'], 'price_sensitivity': 'high', 'brand_loyalty': 'high', 'shopping_frequency': 'occasional', 'preferred_payment': 'apple_pay'}","{'email': True, 'sms': True, 'push_notifications': False, 'phone_calls': False}"
37,Sherri Baker,thesherribaker@yahoo.com,(626) 756-1539,"2939 Washington St Suite 213, South Jeffrey, CA 62205",2023-02-19,Silver,4110,loyal,CA,South Jeffrey,PST,65+,M,High,paid_search,,medium,True,False,2025-01-24,98,521.61,"{'preferred_categories': ['Health', 'Electronics', 'Home', 'Beauty', 'Toys'], 'price_sensitivity': 'medium', 'brand_loyalty': 'medium', 'shopping_frequency': 'frequent', 'preferred_payment': 'credit_card'}","{'email': True, 'sms': False, 'push_notifications': False, 'phone_calls': False}"
38,Cassandra Gaines,cassandra.gaines.27@aol.com,(905) 941-2284,"8205 Washington St Suite 448, Tuckerfurt, SD 19963",2024-04-21,Bronze,2397,at_risk,SD,Tuckerfurt,EST,55-64,M,Lower-Middle,referral,review_site,high,True,False,2024-06-15,80,178.32,"{'preferred_categories': ['Health', 'Electronics'], 'price_sensitivity': 'medium', 'brand_loyalty': 'medium', 'shopping_frequency': 'regular', 'preferred_payment': 'credit_card'}","{'email': False, 'sms': True, 'push_notifications': False, 'phone_calls': False}"
39,Elizabeth Fowler,elizabeth51@icloud.com,(766) 584-8075,"3044 Elm St, Elizabethfurt, MS 21232",2022-11-04,Gold,16835,champion,MS,Elizabethfurt,EST,25-34,M,Middle,organic_search,,high,False,False,2023-11-01,2,1047.02,"{'preferred_categories': ['Health', 'Books', 'Electronics', 'Clothing', 'Beauty'], 'price_sensitivity': 'high', 'brand_loyalty': 'low', 'shopping_frequency': 'regular', 'preferred_payment': 'debit_card'}","{'email': False, 'sms': True, 'push_notifications': True, 'phone_calls': True}"
40,Brittany Farmer,officialbrittanyfarmer@yahoo.com,(598) 524-6909,"1746 Oak Ave Ste 316, Port Tanner, RI 57175",2024-09-05,Silver,3789,loyal,RI,Port Tanner,EST,45-54,F,Low,paid_search,,low,True,False,2025-08-29,50,96.88,"{'preferred_categories': ['Clothing', 'Health', 'Electronics', 'Home', 'Toys'], 'price_sensitivity': 'high', 'brand_loyalty': 'low', 'shopping_frequency': 'regular', 'preferred_payment': 'apple_pay'}","{'email': False, 'sms': False, 'push_notifications': False, 'phone_calls': False}"
41,Paula Moreno,paula81@yahoo.com,(767) 295-6315,"6312 Main St Apt 398, New Amanda, TN 83339",2023-08-16,Bronze,3432,loyal,TN,New Amanda,EST,65+,M,Middle,paid_search,,very_high,False,False,2024-03-08,62,334.41,"{'preferred_categories': ['Beauty', 'Books', 'Electronics'], 'price_sensitivity': 'medium', 'brand_loyalty': 'medium', 'shopping_frequency': 'regular', 'preferred_payment': 'apple_pay'}","{'email': True, 'sms': False, 'push_notifications': False, 'phone_calls': False}"
42,Fred Smith,fred_smith@gmail.com,(349) 264-3739,"7122 Park Ave, Vargastown, NE 73469",2023-07-12,Silver,6970,loyal,NE,Vargastown,EST,45-54,F,Middle,paid_search,,medium,True,False,2024-05-14,49,308.34,"{'preferred_categories': ['Toys', 'Sports', 'Books', 'Home'], 'price_sensitivity': 'medium', 'brand_loyalty': 'medium', 'shopping_frequency': 'occasional', 'preferred_payment': 'paypal'}","{'email': False, 'sms': True, 'push_notifications': False, 'phone_calls': True}"
43,Sherry Decker,sherry73@icloud.com,(206) 605-6443,"6225 Washington St, Lake Roymouth, IL 66441",2024-08-20,Bronze,2074,at_risk,IL,Lake Roymouth,CST,25-34,F,Upper-Middle,social_media,,low,True,False,2025-02-01,34,147.85,"{'preferred_categories': ['Beauty', 'Home', 'Electronics', 'Clothing', 'Health'], 'price_sensitivity': 'low', 'brand_loyalty': 'medium', 'shopping_frequency': 'occasional', 'preferred_payment': 'debit_card'}","{'email': True, 'sms': True, 'push_notifications': False, 'phone_calls': True}"
44,Anthony Humphrey,anthony_humphrey@icloud.com,(526) 498-9044,"9436 Second St, North Jorge, KS 46739",2024-03-01,Platinum,11159,champion,KS,North Jorge,EST,65+,F,Middle,organic_search,,low,False,False,2024-05-29,30,1328.96,"{'preferred_categories': ['Books', 'Toys', 'Electronics', 'Beauty'], 'price_sensitivity': 'high', 'brand_loyalty': 'high', 'shopping_frequency': 'regular', 'preferred_payment': 'apple_pay'}","{'email': False, 'sms': True, 'push_notifications': True, 'phone_calls': True}"
45,Angelica Tucker,officialangelicatucker@gmail.com,(672) 925-4434,"7184 Park Ave, Jasonmouth, OK 19064",2023-12-23,Silver,8159,loyal,OK,Jasonmouth,EST,45-54,F,Middle,organic_search,,low,True,True,2025-02-17,46,315.86,"{'preferred_categories': ['Books', 'Electronics'], 'price_sensitivity': 'high', 'brand_loyalty': 'high', 'shopping_frequency': 'occasional', 'preferred_payment': 'debit_card'}","{'email': True, 'sms': False, 'push_notifications': True, 'phone_calls': True}"
46,Philip Cannon,officialphilipcannon@protonmail.com,(633) 586-2211,"7358 Elm St, Kathleenfurt, WV 62534",2023-08-24,Gold,14803,champion,WV,Kathleenfurt,EST,25-34,M,Low,organic_search,,medium,False,True,2024-02-14,75,785.25,"{'preferred_categories': ['Books', 'Clothing', 'Health', 'Sports'], 'price_sensitivity': 'medium', 'brand_loyalty': 'high', 'shopping_frequency': 'frequent', 'preferred_payment': 'paypal'}","{'email': True, 'sms': True, 'push_notifications': True, 'phone_calls': False}"
47,John Pierce,thejohnpierce@yahoo.com,(563) 370-1725,"9228 Lincoln Ave, Karenchester, AZ 53463",2023-08-17,Silver,7622,loyal,AZ,Karenchester,MST,18-24,M,Middle,organic_search,,medium,True,False,2025-01-01,76,394.96,"{'preferred_categories': ['Home', 'Health', 'Toys'], 'price_sensitivity': 'medium', 'brand_loyalty': 'medium', 'shopping_frequency': 'regular', 'preferred_payment': 'credit_card'}","{'email': False, 'sms': False, 'push_notifications': True, 'phone_calls': True}"
48,Shane Henderson,shane_henderson@icloud.com,(934) 354-6651,"403 Broadway Apt 426, Maryfort, NY 25213",2022-10-11,Gold,17097,champion,NY,Maryfort,EST,35-44,M,Low,direct,,medium,True,False,2023-05-30,38,519.11,"{'preferred_categories': ['Books', 'Toys', 'Beauty', 'Home'], 'price_sensitivity': 'medium', 'brand_loyalty': 'low', 'shopping_frequency': 'regular', 'preferred_payment': 'debit_card'}","{'email': True, 'sms': True, 'push_notifications': False, 'phone_calls': False}"
49,Joshua Blair,joshua_blair@live.com,(939) 913-8412,"5226 Oak Ave, Lake Amberstad, UT 25084",2025-06-26,Bronze,455,developing,UT,Lake Amberstad,MST,25-34,M,Middle,social_media,,low,True,True,2025-07-21,33,35.24,"{'preferred_categories': ['Books', 'Beauty'], 'price_sensitivity': 'low', 'brand_loyalty': 'high', 'shopping_frequency': 'frequent', 'preferred_payment': 'credit_card'}","{'email': False, 'sms': False, 'push_notifications': True, 'phone_calls': False}"
50,Eric Carney,eric_awesome71@outlook.com,(636) 673-4798,"6637 First St Ste 674, Lake Casey, LA 61849",2023-07-02,Bronze,3544,loyal,LA,Lake Casey,EST,25-34,F,Low,organic_search,,low,True,False,2024-02-07,26,27.41,"{'preferred_categories': ['Clothing', 'Toys', 'Books'], 'price_sensitivity': 'low', 'brand_loyalty': 'medium', 'shopping_frequency': 'regular', 'preferred_payment': 'credit_card'}","{'email': False, 'sms': True, 'push_notifications': True, 'phone_calls': False}"
51,Jessica Holmes,jessicaawesome27@gmail.com,(408) 749-4063,"5994 Washington St Unit 117, Port Anthonybury, CA 97910",2024-05-15,Platinum,11275,champion,CA,Port Anthonybury,PST,35-44,F,Middle,organic_search,,low,False,True,2024-07-09,29,1364.73,"{'preferred_categories': ['Toys', 'Sports', 'Books'], 'price_sensitivity': 'medium', 'brand_loyalty': 'low', 'shopping_frequency': 'regular', 'preferred_payment': 'debit_card'}","{'email': False, 'sms': False, 'push_notifications': True, 'phone_calls': False}"
52,Danny Morgan,danny.cool45@yahoo.com,(376) 889-5873,"9670 Oak Ave, Port Andrew, SC 51049",2024-01-27,Gold,11212,champion,SC,Port Andrew,EST,65+,F,Lower-Middle,organic_search,,low,False,False,2024-03-13,80,383.31,"{'preferred_categories': ['Toys', 'Electronics', 'Home', 'Books', 'Beauty'], 'price_sensitivity': 'high', 'brand_loyalty': 'low', 'shopping_frequency': 'regular', 'preferred_payment': 'apple_pay'}","{'email': False, 'sms': False, 'push_notifications': False, 'phone_calls': True}"
53,Crystal Robinson,crystal_robinson@outlook.com,(633) 390-8973,"8805 First St, East David, OR 74178",2023-11-11,Platinum,12618,champion,OR,East David,PST,25-34,M,Low,organic_search,,medium,True,False,2024-03-18,13,1620.46,"{'preferred_categories': ['Home', 'Toys', 'Electronics', 'Health'], 'price_sensitivity': 'high', 'brand_loyalty': 'medium', 'shopping_frequency': 'frequent', 'preferred_payment': 'debit_card'}","{'email': True, 'sms': True, 'push_notifications': True, 'phone_calls': True}"
54,Mark Perez,markmaster18@gmail.com,(831) 868-9109,"6704 Broadway, New Staciemouth, CA 68176",2022-12-21,Platinum,25347,champion,CA,New Staciemouth,PST,65+,F,Middle,organic_search,,medium,False,False,2024-04-11,36,2569.9,"{'preferred_categories': ['Beauty', 'Home', 'Books'], 'price_sensitivity': 'medium', 'brand_loyalty': 'high', 'shopping_frequency': 'frequent', 'preferred_payment': 'debit_card'}","{'email': True, 'sms': False, 'push_notifications': True, 'phone_calls': False}"
55,Shannon Jones,shannonjones@gmail.com,(999) 668-9115,"9007 Cedar St Unit 117, Katieburgh, GA 81186",2023-11-12,Gold,15053,champion,GA,Katieburgh,EST,25-34,M,Lower-Middle,paid_search,,medium,True,True,2025-02-16,16,820.17,"{'preferred_categories': ['Toys', 'Clothing'], 'price_sensitivity': 'medium', 'brand_loyalty': 'medium', 'shopping_frequency': 'occasional', 'preferred_payment': 'apple_pay'}","{'email': True, 'sms': False, 'push_notifications': False, 'phone_calls': True}"
56,Michael Lewis,michael.lewis.93@outlook.com,(453) 504-1528,"7369 Park Ave, Port Loriport, WA 21401",2024-03-03,Platinum,20109,champion,WA,Port Loriport,PST,45-54,F,Lower-Middle,organic_search,,high,False,True,2025-05-19,100,2049.39,"{'preferred_categories': ['Clothing', 'Toys', 'Health', 'Sports', 'Electronics'], 'price_sensitivity': 'low', 'brand_loyalty': 'medium', 'shopping_frequency': 'occasional', 'preferred_payment': 'paypal'}","{'email': True, 'sms': True, 'push_notifications': True, 'phone_calls': True}"
57,Timothy Duncan,timothy_duncan@outlook.com,(369) 830-3281,"3386 Second St, New Anthonyport, DE 84720",2025-05-28,Bronze,538,at_risk,DE,New Anthonyport,EST,45-54,F,Middle,social_media,,low,True,False,2025-07-23,76,67.73,"{'preferred_categories': ['Electronics', 'Beauty', 'Clothing'], 'price_sensitivity': 'low', 'brand_loyalty': 'high', 'shopping_frequency': 'regular', 'preferred_payment': 'paypal'}","{'email': True, 'sms': True, 'push_notifications': True, 'phone_calls': True}"
58,Richard Aguirre,richardaguirre@hotmail.com,(968) 621-1971,"4544 First St, Sandersborough, GA 27392",2024-11-04,Bronze,1852,at_risk,GA,Sandersborough,EST,25-34,M,Middle,referral,colleague,high,False,False,2025-04-23,14,171.41,"{'preferred_categories': ['Beauty', 'Health'], 'price_sensitivity': 'low', 'brand_loyalty': 'low', 'shopping_frequency': 'frequent', 'preferred_payment': 'debit_card'}","{'email': True, 'sms': True, 'push_notifications': False, 'phone_calls': False}"
59,Brent Jordan,brent96@live.com,(925) 624-7146,"7406 Oak Ave, New Hannahbury, CA 22202",2024-05-17,Bronze,2498,at_risk,CA,New Hannahbury,PST,18-24,M,Low,organic_search,,low,True,False,2024-08-21,10,55.66,"{'preferred_categories': ['Home', 'Sports', 'Electronics', 'Books', 'Beauty'], 'price_sensitivity': 'medium', 'brand_loyalty': 'high', 'shopping_frequency': 'occasional', 'preferred_payment': 'credit_card'}","{'email': False, 'sms': False, 'push_notifications': False, 'phone_calls': True}"
60,John Daniel,thejohndaniel@icloud.com,(669) 850-6869,"1038 Cedar St, Lake Kendraville, MS 66314",2025-07-26,Bronze,720,developing,MS,Lake Kendraville,EST,45-54,M,Low,referral,friend,high,True,False,2025-08-17,84,238.35,"{'preferred_categories': ['Beauty', 'Electronics', 'Clothing', 'Health'], 'price_sensitivity': 'high', 'brand_loyalty': 'high', 'shopping_frequency': 'frequent', 'preferred_payment': 'apple_pay'}","{'email': False, 'sms': False, 'push_notifications': False, 'phone_calls': False}"
61,Victoria Garcia,realvictoriagarcia@gmail.com,(980) 249-1752,"1632 Broadway Suite 952, West Amandastad, NJ 67840",2024-12-15,Bronze,2370,at_risk,NJ,West Amandastad,EST,35-44,M,Lower-Middle,organic_search,,low,True,True,2025-04-12,20,76.77,"{'preferred_categories': ['Books', 'Home', 'Clothing'], 'price_sensitivity': 'medium', 'brand_loyalty': 'medium', 'shopping_frequency': 'regular', 'preferred_payment': 'debit_card'}","{'email': False, 'sms': True, 'push_notifications': False, 'phone_calls': False}"
62,Gerald Hensley,realgeraldhensley@gmail.com,(569) 456-2350,"6093 First St Unit 641, New Deborahtown, OH 40689",2024-02-01,Silver,4004,loyal,OH,New Deborahtown,EST,45-54,F,Low,paid_search,,medium,True,False,2025-07-28,97,159.15,"{'preferred_categories': ['Clothing', 'Electronics', 'Books', 'Toys', 'Home'], 'price_sensitivity': 'low', 'brand_loyalty': 'high', 'shopping_frequency': 'frequent', 'preferred_payment': 'apple_pay'}","{'email': True, 'sms': True, 'push_notifications': False, 'phone_calls': True}"
63,Connor West,connor.west@gmail.com,(208) 912-6629,"1976 Lincoln Ave, Shortville, OH 72613",2022-10-17,Gold,16183,champion,OH,Shortville,EST,45-54,F,Upper-Middle,social_media,,medium,True,False,2024-07-03,15,1237.5,"{'preferred_categories': ['Electronics', 'Beauty', 'Sports', 'Books', 'Toys'], 'price_sensitivity': 'low', 'brand_loyalty': 'high', 'shopping_frequency': 'frequent', 'preferred_payment': 'paypal'}","{'email': True, 'sms': False, 'push_notifications': True, 'phone_calls': True}"
64,Donald Wright,realdonaldwright@icloud.com,(893) 346-2120,"8692 Elm St Suite 666, Yumouth, MD 67684",2023-03-03,Silver,4638,loyal,MD,Yumouth,EST,25-34,M,Middle,paid_search,,high,False,False,2024-04-28,44,369.48,"{'preferred_categories': ['Home', 'Books', 'Health', 'Sports'], 'price_sensitivity': 'high', 'brand_loyalty': 'high', 'shopping_frequency': 'frequent', 'preferred_payment': 'credit_card'}","{'email': False, 'sms': True, 'push_notifications': True, 'phone_calls': False}"
65,Jessica Callahan,jessicacallahan@gmail.com,(408) 803-7291,"5760 Lincoln Ave, South Gregory, CA 28327",2023-10-15,Silver,7551,loyal,CA,South Gregory,PST,35-44,F,Middle,organic_search,,low,True,False,2024-11-06,48,283.24,"{'preferred_categories': ['Electronics', 'Clothing', 'Books', 'Sports'], 'price_sensitivity': 'high', 'brand_loyalty': 'medium', 'shopping_frequency': 'occasional', 'preferred_payment': 'paypal'}","{'email': True, 'sms': True, 'push_notifications': True, 'phone_calls': False}"
66,Amber Kidd,amber.cool85@icloud.com,(821) 721-4090,"6419 Park Ave, Christinaside, OH 41370",2023-06-09,Gold,12051,champion,OH,Christinaside,EST,45-54,M,Middle,email_marketing,,high,False,False,2025-07-15,57,1364.62,"{'preferred_categories': ['Toys', 'Books', 'Sports', 'Health'], 'price_sensitivity': 'low', 'brand_loyalty': 'low', 'shopping_frequency': 'occasional', 'preferred_payment': 'paypal'}","{'email': True, 'sms': True, 'push_notifications': False, 'phone_calls': False}"
67,Tracy House,tracy.house.59@icloud.com,(782) 630-6986,"8952 First St, Marshallshire, MT 19567",2025-02-22,Bronze,1442,at_risk,MT,Marshallshire,EST,25-34,F,Upper-Middle,paid_search,,medium,False,True,2025-08-11,27,68.25,"{'preferred_categories': ['Sports', 'Clothing', 'Health', 'Electronics', 'Beauty'], 'price_sensitivity': 'medium', 'brand_loyalty': 'low', 'shopping_frequency': 'regular', 'preferred_payment': 'debit_card'}","{'email': False, 'sms': True, 'push_notifications': True, 'phone_calls': False}"
68,Carol Tucker,carol.tucker.74@protonmail.com,(863) 633-7590,"1351 Cedar St, Marcusbury, FL 30012",2023-10-22,Gold,15202,champion,FL,Marcusbury,EST,18-24,M,Low,organic_search,,medium,True,False,2023-12-23,65,634.75,"{'preferred_categories': ['Home', 'Books', 'Clothing', 'Beauty'], 'price_sensitivity': 'medium', 'brand_loyalty': 'medium', 'shopping_frequency': 'occasional', 'preferred_payment': 'credit_card'}","{'email': False, 'sms': False, 'push_notifications': True, 'phone_calls': True}"
69,James Brown,james.brown.91@gmail.com,(925) 897-2083,"5082 Lincoln Ave, West Nicolebury, CA 41278",2022-11-03,Bronze,3555,loyal,CA,West Nicolebury,PST,45-54,M,Lower-Middle,paid_search,,low,True,False,2025-05-20,42,31.69,"{'preferred_categories': ['Clothing', 'Home', 'Toys', 'Electronics'], 'price_sensitivity': 'medium', 'brand_loyalty': 'low', 'shopping_frequency': 'regular', 'preferred_payment': 'credit_card'}","{'email': False, 'sms': False, 'push_notifications': False, 'phone_calls': False}"
70,William Baker,officialwilliambaker@protonmail.com,(379) 322-1207,"2249 Main St Unit 976, Hudsonfurt, AR 78551",2023-02-20,Platinum,25086,champion,AR,Hudsonfurt,CST,18-24,F,Lower-Middle,organic_search,,medium,True,False,2023-04-22,44,1682.43,"{'preferred_categories': ['Health', 'Books', 'Toys'], 'price_sensitivity': 'medium', 'brand_loyalty': 'low', 'shopping_frequency': 'regular', 'preferred_payment': 'credit_card'}","{'email': True, 'sms': False, 'push_notifications': False, 'phone_calls': True}"
71,Jordan Henderson,jordan.henderson.52@gmail.com,(806) 478-9582,"1047 Park Ave, Anthonymouth, TX 85582",2025-03-19,Silver,2899,at_risk,TX,Anthonymouth,CST,45-54,F,Upper-Middle,organic_search,,medium,True,True,2025-06-10,26,544.2,"{'preferred_categories': ['Toys', 'Books', 'Clothing'], 'price_sensitivity': 'low', 'brand_loyalty': 'high', 'shopping_frequency': 'frequent', 'preferred_payment': 'credit_card'}","{'email': True, 'sms': False, 'push_notifications': False, 'phone_calls': True}"
72,Whitney Peters,whitneypro21@aol.com,(890) 940-2889,"3743 Cedar St Apt 880, South Jason, SC 42053",2024-07-11,Bronze,2191,at_risk,SC,South Jason,EST,55-64,M,Low,organic_search,,medium,True,True,2025-03-18,57,47.79,"{'preferred_categories': ['Beauty', 'Books', 'Toys'], 'price_sensitivity': 'low', 'brand_loyalty': 'low', 'shopping_frequency': 'frequent', 'preferred_payment': 'debit_card'}","{'email': False, 'sms': False, 'push_notifications': False, 'phone_calls': False}"
73,Brittney Phillips,brittney_phillips@gmail.com,(937) 527-5444,"1277 Elm St, Matthewview, AL 75803",2024-02-24,Bronze,1959,at_risk,AL,Matthewview,EST,55-64,Other,Lower-Middle,organic_search,,high,False,True,2025-06-06,12,228.31,"{'preferred_categories': ['Sports', 'Health', 'Electronics', 'Beauty'], 'price_sensitivity': 'high', 'brand_loyalty': 'low', 'shopping_frequency': 'regular', 'preferred_payment': 'debit_card'}","{'email': False, 'sms': True, 'push_notifications': True, 'phone_calls': False}"
74,Lauren Daniels,lauren15@gmail.com,(288) 766-8483,"131 Washington St Unit 578, New Stacyland, OH 91620",2024-01-05,Gold,7830,loyal,OH,New Stacyland,EST,45-54,M,Upper-Middle,social_media,,medium,True,False,2024-07-17,44,1409.88,"{'preferred_categories': ['Health', 'Sports', 'Books', 'Electronics', 'Home'], 'price_sensitivity': 'high', 'brand_loyalty': 'high', 'shopping_frequency': 'occasional', 'preferred_payment': 'apple_pay'}","{'email': False, 'sms': True, 'push_notifications': True, 'phone_calls': False}"
75,Amy Silva,amy.silva@outlook.com,(438) 754-6675,"158 Washington St Ste 674, Lake Richard, KS 50306",2024-07-13,Gold,11397,champion,KS,Lake Richard,EST,35-44,F,Middle,email_marketing,,medium,True,False,2024-08-02,87,804.81,"{'preferred_categories': ['Beauty', 'Electronics'], 'price_sensitivity': 'low', 'brand_loyalty': 'high', 'shopping_frequency': 'regular', 'preferred_payment': 'debit_card'}","{'email': True, 'sms': False, 'push_notifications': False, 'phone_calls': False}"
76,Sarah Moore,sarah.moore.39@gmail.com,(831) 622-7102,"7512 Oak Ave, Lake Thomas, CA 76247",2025-04-03,Silver,2205,at_risk,CA,Lake Thomas,PST,65+,F,Upper-Middle,organic_search,,medium,True,False,2025-04-20,45,695.74,"{'preferred_categories': ['Toys', 'Electronics'], 'price_sensitivity': 'medium', 'brand_loyalty': 'low', 'shopping_frequency': 'frequent', 'preferred_payment': 'debit_card'}","{'email': False, 'sms': False, 'push_notifications': True, 'phone_calls': False}"
77,Angela Lopez,angela.lopez.43@gmail.com,(522) 602-6345,"5212 Broadway Suite 77, Westtown, PA 27840",2024-11-07,Gold,12954,loyal,PA,Westtown,EST,55-64,M,Low,social_media,,high,True,False,2025-02-03,28,622.77,"{'preferred_categories': ['Books', 'Clothing', 'Sports', 'Electronics'], 'price_sensitivity': 'medium', 'brand_loyalty': 'high', 'shopping_frequency': 'regular', 'preferred_payment': 'apple_pay'}","{'email': True, 'sms': True, 'push_notifications': False, 'phone_calls': False}"
78,Megan Young,megan.young.55@icloud.com,(412) 662-6051,"7592 Park Ave, West Jeffreybury, HI 21851",2023-03-03,Bronze,2698,at_risk,HI,West Jeffreybury,EST,18-24,M,High,paid_search,,low,True,True,2025-08-12,89,79.53,"{'preferred_categories': ['Health', 'Clothing', 'Books', 'Toys'], 'price_sensitivity': 'low', 'brand_loyalty': 'low', 'shopping_frequency': 'regular', 'preferred_payment': 'credit_card'}","{'email': True, 'sms': False, 'push_notifications': True, 'phone_calls': False}"
79,Steve Sanchez,steve15@icloud.com,(605) 725-1802,"4897 Park Ave, Elizabethstad, DE 32789",2024-04-25,Silver,2613,at_risk,DE,Elizabethstad,EST,35-44,F,Lower-Middle,organic_search,,medium,True,False,2025-07-25,61,347.02,"{'preferred_categories': ['Health', 'Electronics', 'Home'], 'price_sensitivity': 'medium', 'brand_loyalty': 'high', 'shopping_frequency': 'frequent', 'preferred_payment': 'paypal'}","{'email': False, 'sms': False, 'push_notifications': False, 'phone_calls': True}"
80,Lisa Barnes,lisa.barnes@outlook.com,(315) 999-4641,"2142 Second St, Transtad, NY 58790",2025-02-16,Bronze,2166,at_risk,NY,Transtad,EST,25-34,F,Middle,social_media,,medium,False,True,2025-02-24,62,168.24,"{'preferred_categories': ['Toys', 'Health', 'Sports'], 'price_sensitivity': 'medium', 'brand_loyalty': 'medium', 'shopping_frequency': 'regular', 'preferred_payment': 'debit_card'}","{'email': False, 'sms': True, 'push_notifications': True, 'phone_calls': True}"
81,Kelly Donovan,kelly.donovan.66@outlook.com,(331) 294-6432,"2008 Main St, Barajasside, OR 16637",2023-06-27,Platinum,13130,champion,OR,Barajasside,PST,55-64,M,Lower-Middle,paid_search,,very_high,False,True,2024-08-18,58,2579.85,"{'preferred_categories': ['Clothing', 'Toys', 'Sports', 'Electronics'], 'price_sensitivity': 'medium', 'brand_loyalty': 'low', 'shopping_frequency': 'occasional', 'preferred_payment': 'apple_pay'}","{'email': False, 'sms': True, 'push_notifications': False, 'phone_calls': True}"
82,Mike Allen,mikeallen@icloud.com,(626) 486-8307,"2436 Main St, Michaelmouth, CA 90868",2023-10-05,Gold,10274,champion,CA,Michaelmouth,PST,35-44,M,Upper-Middle,social_media,,low,True,True,2024-12-25,92,605.74,"{'preferred_categories': ['Electronics', 'Home', 'Health', 'Books'], 'price_sensitivity': 'high', 'brand_loyalty': 'medium', 'shopping_frequency': 'occasional', 'preferred_payment': 'debit_card'}","{'email': True, 'sms': False, 'push_notifications': True, 'phone_calls': True}"
83,Michael Evans,michaelevans@gmail.com,(858) 738-5082,"8908 Main St, Kristopherbury, IL 57069",2022-11-12,Silver,7034,loyal,IL,Kristopherbury,CST,18-24,M,Middle,organic_search,,low,True,False,2023-01-13,71,312.79,"{'preferred_categories': ['Beauty', 'Clothing', 'Electronics', 'Health'], 'price_sensitivity': 'medium', 'brand_loyalty': 'high', 'shopping_frequency': 'occasional', 'preferred_payment': 'debit_card'}","{'email': False, 'sms': True, 'push_notifications': True, 'phone_calls': True}"
84,Paul Jones,paul.pro24@gmail.com,(424) 230-5602,"960 Broadway, Lake Jamesville, TN 86544",2024-07-13,Bronze,2608,at_risk,TN,Lake Jamesville,EST,18-24,M,Middle,organic_search,,low,True,True,2024-11-26,66,143.96,"{'preferred_categories': ['Clothing', 'Books', 'Beauty', 'Health', 'Toys'], 'price_sensitivity': 'low', 'brand_loyalty': 'low', 'shopping_frequency': 'occasional', 'preferred_payment': 'debit_card'}","{'email': False, 'sms': True, 'push_notifications': True, 'phone_calls': False}"
85,Zachary Ferrell,zachary.ferrell.83@gmail.com,(714) 563-3846,"2886 Second St, East Javier, CA 57026",2022-09-07,Silver,3205,loyal,CA,East Javier,PST,55-64,F,Low,organic_search,,low,True,False,2024-09-06,65,105.06,"{'preferred_categories': ['Beauty', 'Health', 'Home'], 'price_sensitivity': 'low', 'brand_loyalty': 'high', 'shopping_frequency': 'regular', 'preferred_payment': 'paypal'}","{'email': False, 'sms': True, 'push_notifications': True, 'phone_calls': False}"
86,Daniel Baker,danielbaker@live.com,(818) 238-2478,"921 Second St, Hillshire, CA 12612",2024-11-20,Bronze,2475,at_risk,CA,Hillshire,PST,65+,M,Lower-Middle,organic_search,,high,False,False,2025-06-09,94,195.0,"{'preferred_categories': ['Books', 'Health'], 'price_sensitivity': 'medium', 'brand_loyalty': 'low', 'shopping_frequency': 'frequent', 'preferred_payment': 'debit_card'}","{'email': False, 'sms': False, 'push_notifications': True, 'phone_calls': False}"
87,Shirley Suarez,shirleysuarez@hotmail.com,(800) 921-3320,"1818 Cedar St, Tinaborough, CT 19506",2024-12-19,Silver,7226,loyal,CT,Tinaborough,EST,65+,Other,Middle,organic_search,,medium,False,True,2025-08-29,100,579.09,"{'preferred_categories': ['Toys', 'Clothing'], 'price_sensitivity': 'low', 'brand_loyalty': 'medium', 'shopping_frequency': 'frequent', 'preferred_payment': 'apple_pay'}","{'email': True, 'sms': False, 'push_notifications': False, 'phone_calls': True}"
88,Christopher Bass,christopher.bass.65@yahoo.com,(854) 698-6198,"2855 Cedar St, Jeremyburgh, OH 90440",2025-08-06,Silver,5046,developing,OH,Jeremyburgh,EST,18-24,F,Middle,paid_search,,very_high,True,False,2025-08-27,7,480.55,"{'preferred_categories': ['Electronics', 'Beauty', 'Clothing', 'Health', 'Toys'], 'price_sensitivity': 'low', 'brand_loyalty': 'medium', 'shopping_frequency': 'regular', 'preferred_payment': 'debit_card'}","{'email': False, 'sms': False, 'push_notifications': True, 'phone_calls': True}"
89,Lisa Archer,thelisaarcher@icloud.com,(786) 600-1530,"2984 Elm St, Alexisside, GA 90134",2025-07-12,Gold,6068,developing,GA,Alexisside,EST,65+,M,Lower-Middle,organic_search,,medium,True,False,2025-08-08,35,1045.81,"{'preferred_categories': ['Sports', 'Electronics', 'Beauty', 'Home'], 'price_sensitivity': 'medium', 'brand_loyalty': 'high', 'shopping_frequency': 'regular', 'preferred_payment': 'debit_card'}","{'email': False, 'sms': True, 'push_notifications': False, 'phone_calls': False}"
90,Aimee Montoya,aimee.montoya@comcast.net,(951) 886-6500,"7318 Main St Apt 256, West Brandon, CA 55938",2023-07-08,Silver,7021,loyal,CA,West Brandon,PST,35-44,M,Low,affiliate,,high,False,False,2024-04-14,78,227.76,"{'preferred_categories': ['Books', 'Electronics'], 'price_sensitivity': 'medium', 'brand_loyalty': 'high', 'shopping_frequency': 'occasional', 'preferred_payment': 'apple_pay'}","{'email': False, 'sms': True, 'push_notifications': True, 'phone_calls': False}"
91,Matthew Mcmillan,matthewmaster64@gmail.com,(737) 303-8855,"9471 Second St Apt 76, New Kellyberg, TX 48654",2024-03-23,Bronze,1704,at_risk,TX,New Kellyberg,CST,45-54,F,Middle,referral,social_media_post,low,True,False,2025-06-20,87,44.53,"{'preferred_categories': ['Health', 'Beauty', 'Home'], 'price_sensitivity': 'low', 'brand_loyalty': 'high', 'shopping_frequency': 'regular', 'preferred_payment': 'debit_card'}","{'email': False, 'sms': True, 'push_notifications': True, 'phone_calls': False}"
92,Brian Rodriguez,briancool71@icloud.com,(828) 694-1507,"7067 First St, Garciatown, SD 66911",2024-07-05,Gold,14555,champion,SD,Garciatown,EST,25-34,M,Upper-Middle,organic_search,,medium,True,False,2025-06-08,78,940.33,"{'preferred_categories': ['Electronics', 'Clothing', 'Sports'], 'price_sensitivity': 'high', 'brand_loyalty': 'medium', 'shopping_frequency': 'occasional', 'preferred_payment': 'paypal'}","{'email': True, 'sms': True, 'push_notifications': False, 'phone_calls': False}"
93,Denise Jacobs,denisejacobs@icloud.com,(352) 250-7437,"9368 Cedar St, Taylormouth, FL 30131",2022-12-22,Gold,8288,loyal,FL,Taylormouth,EST,65+,M,High,direct,,medium,True,True,2025-09-03,95,1076.75,"{'preferred_categories': ['Health', 'Beauty', 'Books'], 'price_sensitivity': 'medium', 'brand_loyalty': 'low', 'shopping_frequency': 'frequent', 'preferred_payment': 'paypal'}","{'email': False, 'sms': False, 'push_notifications': False, 'phone_calls': False}"
94,Christina Walters,christinawalters@outlook.com,(510) 853-5781,"1343 Broadway, Jackton, CA 50416",2025-07-02,Bronze,510,developing,CA,Jackton,PST,55-64,F,High,social_media,,low,True,True,2025-08-18,10,199.27,"{'preferred_categories': ['Health', 'Sports', 'Home'], 'price_sensitivity': 'high', 'brand_loyalty': 'low', 'shopping_frequency': 'regular', 'preferred_payment': 'apple_pay'}","{'email': False, 'sms': True, 'push_notifications': False, 'phone_calls': False}"
95,John Whitehead,john92@gmail.com,(510) 656-1731,"4314 Broadway, Shelleyfort, CA 39654",2024-01-30,Gold,12783,champion,CA,Shelleyfort,PST,35-44,F,Middle,email_marketing,,low,False,False,2024-04-09,16,448.94,"{'preferred_categories': ['Beauty', 'Toys', 'Home', 'Electronics', 'Health'], 'price_sensitivity': 'high', 'brand_loyalty': 'medium', 'shopping_frequency': 'frequent', 'preferred_payment': 'credit_card'}","{'email': False, 'sms': False, 'push_notifications': True, 'phone_calls': True}"
96,Anna Henderson,annahenderson@protonmail.com,(766) 262-7342,"8562 Lincoln Ave, Port Cameronfort, IN 72236",2025-04-30,Bronze,2184,at_risk,IN,Port Cameronfort,EST,45-54,M,Middle,organic_search,,medium,True,False,2025-07-30,93,163.09,"{'preferred_categories': ['Beauty', 'Clothing', 'Home'], 'price_sensitivity': 'low', 'brand_loyalty': 'medium', 'shopping_frequency': 'frequent', 'preferred_payment': 'apple_pay'}","{'email': False, 'sms': True, 'push_notifications': True, 'phone_calls': True}"
97,Aaron Wise,aaronwise@yahoo.com,(416) 397-3067,"700 Lincoln Ave Ste 700, New Crystalton, MA 36465",2024-01-05,Gold,7561,loyal,MA,New Crystalton,EST,65+,M,Lower-Middle,paid_search,,low,False,False,2024-10-01,82,495.21,"{'preferred_categories': ['Books', 'Health', 'Home', 'Sports', 'Electronics'], 'price_sensitivity': 'low', 'brand_loyalty': 'medium', 'shopping_frequency': 'frequent', 'preferred_payment': 'credit_card'}","{'email': False, 'sms': False, 'push_notifications': False, 'phone_calls': True}"
98,Deborah Figueroa,deborah18@hotmail.com,(482) 732-8506,"203 Elm St, East Lisa, DE 64997",2025-07-01,Bronze,1478,developing,DE,East Lisa,EST,55-64,M,Middle,organic_search,,medium,False,True,2025-08-09,67,80.25,"{'preferred_categories': ['Beauty', 'Home', 'Sports'], 'price_sensitivity': 'low', 'brand_loyalty': 'low', 'shopping_frequency': 'frequent', 'preferred_payment': 'paypal'}","{'email': False, 'sms': True, 'push_notifications': True, 'phone_calls': False}"
99,Jessica Smith,jessica_smith@outlook.com,(646) 592-8955,"9373 Elm St, Christopherbury, NY 32570",2023-03-17,Bronze,2453,at_risk,NY,Christopherbury,EST,25-34,M,Lower-Middle,organic_search,,medium,False,False,2024-08-15,78,98.62,"{'preferred_categories': ['Clothing', 'Beauty', 'Health', 'Sports'], 'price_sensitivity': 'medium', 'brand_loyalty': 'low', 'shopping_frequency': 'frequent', 'preferred_payment': 'apple_pay'}","{'email': True, 'sms': True, 'push_notifications': True, 'phone_calls': True}"
100,Stephen Mckee,thestephenmckee@msn.com,(686) 475-7102,"332 Washington St, New Kathybury, AZ 49722",2023-12-15,Bronze,2726,at_risk,AZ,New Kathybury,MST,18-24,F,High,organic_search,,medium,False,False,2024-08-20,83,208.75,"{'preferred_categories': ['Electronics', 'Books', 'Health', 'Toys'], 'price_sensitivity': 'low', 'brand_loyalty': 'high', 'shopping_frequency': 'frequent', 'preferred_payment': 'apple_pay'}","{'email': True, 'sms': False, 'push_notifications': True, 'phone_calls': False}"
