user_id,name,email,phone,address,signup_date,membership_status,loyalty_points
1,Danielle Johnson,daniellejohnson@gmail.com,533-521-8196x001,"386 Shane Harbors, Port Lindachester, MA 36922",2024-01-03,Bronze,839
2,Jason Gallagher,jason.gallagher76@icloud.com,916-315-5940,"Unit 6184 Box 9593, DPO AP 09617",2023-10-10,Bronze,767
3,Donna Mejia,donnamejia@icloud.com,731-564-7525,"283 Steven Groves, Lake Mark, WI 07832",2024-02-29,Silver,13928
4,Lydia Trujillo,lydia.trujillo@outlook.com,(541)639-5376x7242,"653 William Course Apt. 122, Carlsonfurt, MS 78605",2024-09-02,Silver,7615
5,Allison Maddox,allisonmaddox@hotmail.com,9182451462,"USNV Stanton, FPO AE 67043",2025-08-13,Platinum,41029
6,Daniel Garrett,daniel13@outlook.com,+1-289-332-5288x0957,"USNV Allen, FPO AE 74865",2023-11-05,Silver,5711
7,Christopher Tucker,christopher.tucker@icloud.com,882-527-8248,"USNS Marquez, FPO AA 88540",2025-01-21,Silver,10925
8,Nathaniel Lam,nathaniellam@aol.com,213.331.5098x393,"10518 Joshua Oval, New David, FM 75348",2024-11-25,Silver,6307
9,Thomas Mueller,thomas.mueller36@gmail.com,(331)516-5667x01065,"62473 Scott Wall Apt. 080, Port Melindaburgh, MT 64154",2024-09-12,Silver,10977
10,Jason Morales,jason27@hotmail.com,9264064746,"98050 Breanna Parkway, North Susan, CO 24857",2023-10-28,Silver,6169
11,Brooke Leonard,brookeleonard@yahoo.com,361.893.9909,"3534 Anderson Rue Suite 751, South Christineshire, CT 10103",2024-10-26,Bronze,3108
12,Jason Baker,jasonbaker@aol.com,(613)354-2784x980,"USNS Baker, FPO AE 97811",2024-11-07,Silver,5916
13,Eric Campbell,eric41@gmail.com,853.648.7401,"42786 Daniel Spurs Apt. 805, South David, ME 48296",2025-08-03,Bronze,4646
14,Sarah Stanton,sarah.stanton84@hotmail.com,4535315869,"0256 Joseph Turnpike, South Monicafort, IN 26659",2025-05-31,Bronze,3758
15,Samantha Bailey,samantha32@yahoo.com,730.836.5414,"14294 Daniel Mews Suite 569, South Rachelborough, KS 06318",2025-03-08,Silver,12019
16,Ryan Meyer,ryanmeyer@outlook.com,+1-635-661-5951,"4823 Ortega Light Apt. 994, Kelleytown, ME 38107",2024-02-15,Silver,6489
17,Russell Carpenter,russellcarpenter@gmail.com,+1-757-377-3872x1489,"433 Andrew Gardens, Carrland, NH 54822",2025-07-24,Silver,11916
18,Crystal Lee,crystal.lee77@outlook.com,001-967-263-2016x328,"2788 Dodson Mills, Rivasside, NV 21362",2025-04-04,Silver,14064
19,Michelle Cole,michelle.cole@gmail.com,001-334-487-3471x43455,"231 Russell Plains Suite 603, Priceshire, UT 03061",2025-07-01,Silver,13797
20,Nicole Johnston,nicole44@aol.com,805.946.6889x3734,"627 Tina Place Apt. 699, North Dawnberg, VI 61016",2024-01-24,Bronze,3716
21,Brent Gray,brentgray@aol.com,975.256.4641,"3100 James Brooks, East David, TN 15494",2024-11-16,Silver,6743
22,Stacie Marshall,staciemarshall@hotmail.com,852-899-1241x904,"USNS Jones, FPO AP 82714",2024-03-11,Bronze,1323
23,Curtis Barton,curtis1@icloud.com,+1-991-390-5865x18506,"726 Jessica Run Suite 987, Grahamshire, KY 42746",2025-06-27,Bronze,916
24,John Michael,johnmichael@hotmail.com,973-579-9650x752,"4948 Zachary Field Apt. 367, Lake Thomas, VT 64833",2024-08-18,Gold,16290
25,Laura Davis,lauradavis@outlook.com,763.849.5788,"Unit 8557 Box 4443, DPO AE 95041",2024-02-01,Bronze,3893
26,Leslie Newton,leslie.newton68@yahoo.com,001-723-437-4989x41343,"0084 Dana Terrace, Garciatown, OK 37769",2024-09-03,Platinum,47671
27,Timothy Peterson,timothy26@aol.com,2474116719,"31869 Kimberly Light Suite 749, Torreston, RI 97505",2023-11-21,Bronze,3059
28,Stacey Clark,staceyclark@icloud.com,241.823.2812,"0344 Jones Fort Suite 936, New Jeffreyberg, PW 35317",2025-06-08,Bronze,2769
29,Douglas Brown,douglasbrown@icloud.com,999-347-1746x4887,"594 Christopher Spring Apt. 490, South April, NV 36959",2024-01-23,Bronze,482
30,Wendy Graham,wendygraham@gmail.com,817.256.5512x5674,"5168 Diane Plains Suite 603, Cindyfort, SC 58440",2025-04-17,Bronze,3976
31,Brett Adams,brett.adams74@yahoo.com,(647)271-0932,"17127 Hicks Groves, Davenportfort, IA 60372",2024-11-06,Bronze,3874
32,Duane Lee,duane.lee13@yahoo.com,+1-982-414-6584x044,"5886 Cantu Ways Apt. 396, Port Kimberly, AZ 42205",2025-04-05,Bronze,3367
33,Thomas Mcintyre,thomas.mcintyre@aol.com,(962)270-2895x1718,"217 Morgan Square Suite 158, Finleyfort, VI 71413",2023-10-02,Bronze,2779
34,Christina Young,christinayoung@gmail.com,+1-643-716-1172x40050,"86922 Christian Ways, Harveybury, NM 76936",2023-12-25,Silver,7296
35,Jesse Little,jesse.little@hotmail.com,840.674.8217x594,"67136 Andrews Squares Suite 064, New Michelleton, PW 79983",2025-04-05,Bronze,4508
36,Tyler Strong,tyler.strong@aol.com,239-753-3942x1047,"5623 Kristin Wells, Alyssaview, MP 22068",2024-03-22,Gold,28905
37,Robin Raymond,robinraymond@outlook.com,651-371-2368x5160,"651 Thomas River Suite 931, Blankenshipport, SD 54017",2023-12-04,Gold,29785
38,Donald Shah,donald1@outlook.com,471-813-8267x5869,"640 Robinson Mills Apt. 515, Bruceview, ID 16512",2025-06-24,Gold,27863
39,Madison Davis,madison.davis94@outlook.com,390.505.3293,"2904 Vanessa Plains, Laurenville, TN 03880",2023-12-16,Bronze,2430
40,Alexis Tyler,alexis.tyler@gmail.com,395.302.4026,"917 Sonia Cape Suite 700, Boonechester, TX 14651",2024-09-19,Silver,5936
41,Jennifer Wallace,jenniferwallace@outlook.com,759-821-2499,"Unit 8478 Box 9611, DPO AP 85817",2025-07-17,Bronze,4160
42,Kayla Le,kayla.le@yahoo.com,367.736.5766,"2711 Christopher Court Suite 280, Elizabethchester, MI 87708",2025-09-04,Silver,8853
43,Karen Parrish,karen.parrish@icloud.com,001-304-794-5198x3273,"49368 Chelsea Shoals Suite 024, Sandrastad, AL 24278",2025-07-11,Silver,11868
44,Douglas Sandoval,douglas67@icloud.com,720-418-3667,"910 Eric River Apt. 147, Tuckermouth, MT 36305",2024-02-19,Bronze,2573
45,Kari Wilson,kari17@outlook.com,(614)597-8403x69003,"5107 Thompson Light Apt. 885, South Michelleton, NE 02957",2024-08-27,Bronze,594
46,Samantha Atkins,samantha.atkins@icloud.com,001-769-466-4160,"516 John Radial Suite 816, Juliebury, MA 22538",2023-11-03,Silver,13288
47,William Wilson,william9@hotmail.com,435.952.3124x32921,"995 Hernandez Cliff Suite 744, West Williamport, NH 59734",2023-10-04,Bronze,3589
48,Brian Decker,brian.decker@aol.com,219-998-6798,"PSC 9359, Box 7820, APO AA 14067",2025-05-26,Silver,14086
49,Rachel Cooper,rachel14@aol.com,001-718-720-3778x892,"PSC 6659, Box 0515, APO AE 73634",2025-02-12,Bronze,876
50,Paul King,paulking@yahoo.com,+1-892-751-9254x62914,"685 Michael Falls, West Stacey, NM 25667",2024-02-27,Silver,8335
51,Zoe Moore,zoe65@hotmail.com,418-488-0592x9622,"5379 Goodwin Tunnel, Youngbury, ME 61975",2025-08-07,Gold,28862
52,Mary Richardson,mary.richardson@aol.com,001-577-446-8862,"758 Jennifer Path, West Christopherburgh, KY 59394",2025-08-08,Bronze,1071
53,William Guerra,william.guerra95@hotmail.com,737-550-6068,"3051 Moody Dam, West Samanthafort, UT 18692",2025-04-16,Silver,12007
54,Janice West,janicewest@gmail.com,8103432898,"1036 Brown Villages, Carlsontown, SC 68052",2024-11-24,Silver,11049
55,John Thomas,john.thomas@yahoo.com,(209)853-9621x85188,"654 Michael Cliff, Johnville, WI 76772",2025-03-29,Bronze,326
56,Katherine Anderson,katherine.anderson@yahoo.com,(585)227-7221x704,"4868 King Terrace, West Michael, WI 06766",2025-07-08,Bronze,4586
57,Diana Nelson,diananelson@outlook.com,(366)876-5277x584,"451 Mark Hill, Seanchester, GA 90909",2024-08-14,Gold,18878
58,Michael Williams,michaelwilliams@yahoo.com,(996)240-1658x202,"556 Cassie Springs, Rushstad, NV 10578",2024-11-23,Silver,10442
59,Devin Richardson,devinrichardson@outlook.com,543-610-2786x81447,"12172 Osborn Valleys Suite 518, Patriciaburgh, VT 93504",2025-08-25,Bronze,885
60,Isabella Thompson,isabellathompson@gmail.com,(783)913-2370x589,"114 Key Stravenue, Foxchester, GU 75854",2023-11-01,Gold,22541
61,David Stewart,davidstewart@yahoo.com,477-885-2892,"82422 Donovan Fork, Staceyhaven, MH 37731",2025-06-23,Bronze,2282
62,Christian Gonzalez,christian.gonzalez83@hotmail.com,+1-442-449-8182,"001 Stacy Trail Suite 396, South Pamelaside, LA 84637",2024-04-26,Silver,13785
63,Timothy Ballard,timothyballard@gmail.com,+1-464-771-0276x77359,"562 Robertson Coves Suite 371, Shannonberg, CT 07133",2024-04-17,Silver,9349
64,Sonia Lin,sonia56@icloud.com,(232)359-5327x87747,"USCGC Levy, FPO AE 76961",2024-06-05,Bronze,4189
65,Brandon Campbell,brandon.campbell@icloud.com,+1-274-880-1624x565,"8416 Duran Harbors, East Theresafurt, MN 44945",2024-11-11,Silver,5027
66,Sheila Fischer,sheilafischer@icloud.com,798.968.0002,"825 Martin Ridges, Brittneyhaven, MP 67310",2024-10-22,Bronze,573
67,Tracy Hart,tracy.hart@hotmail.com,505.251.6940x9749,"962 Anthony Squares, East Andrewmouth, MT 20349",2024-07-21,Silver,9920
68,Hannah Jenkins,hannah.jenkins42@aol.com,001-997-702-8385x78652,"733 Grant Fork Suite 437, Timothyside, WY 95090",2024-04-04,Silver,14083
69,Keith Berry,keithberry@outlook.com,+1-766-952-4041,"38484 Daniel Streets Apt. 308, Lake Jesse, CT 54673",2024-05-18,Silver,9930
70,Jennifer Garcia,jennifergarcia@gmail.com,001-520-282-6773x45401,"PSC 2620, Box 6724, APO AE 01715",2024-04-23,Bronze,4751
71,Ashley Rodriguez,ashley.rodriguez57@hotmail.com,947-688-7287x43152,"549 Gregory Walks, Wilcoxhaven, MD 11869",2024-07-12,Silver,13375
72,Elizabeth Lopez,elizabeth.lopez@aol.com,(675)730-4637,"5301 Parker Lodge, Hannahport, MN 81061",2024-02-23,Bronze,2745
73,Jeffrey Anderson,jeffreyanderson@yahoo.com,(579)356-8783,"91088 Ashley Drive Apt. 587, Lake Jamieshire, NM 12420",2025-08-03,Gold,17414
74,William Stokes,william.stokes@yahoo.com,628.267.9087x406,"65180 Valerie Mountains, West Robertberg, WI 84586",2025-03-24,Bronze,4715
75,Debbie Fisher,debbie.fisher64@aol.com,(476)561-8251x2868,"7868 Morrow Gateway, Reedview, ID 95531",2025-04-21,Bronze,45
76,Daniel Pacheco,danielpacheco@gmail.com,(890)933-1190x79030,"28439 Ray Trail, Joelberg, TN 68822",2024-02-23,Gold,26401
77,Robert Hill,robert.hill@gmail.com,+1-792-868-7056,"2873 Kevin Station Apt. 708, Faulknerside, NC 18076",2024-07-02,Bronze,3806
78,John Harris,john.harris41@icloud.com,+1-317-551-8304x6990,"3540 Sharon Streets, Lake Yvonnefort, PW 32298",2025-02-26,Silver,13270
79,Cassandra Harris,cassandra.harris21@icloud.com,685.746.7854,"1753 Edwards Cape Apt. 204, Phillipsborough, MA 30650",2024-06-26,Bronze,2025
80,Ashley Sanchez,ashley.sanchez67@hotmail.com,+1-454-977-7252,"010 Robert Ville, North Jasmine, AL 29169",2024-10-01,Silver,9499
81,Stephen Brown,stephen37@aol.com,+1-697-270-0886x0084,"11823 Christine Glen Suite 461, Susanmouth, OK 32378",2025-02-27,Bronze,4424
82,Jeremiah Sutton,jeremiahsutton@yahoo.com,201-466-6870,"591 Jerry Ways Suite 401, Rachelshire, TN 04813",2024-01-22,Silver,6052
83,Sarah Edwards,sarah.edwards60@hotmail.com,892.761.4293,"185 Connor Fort, West Cassiefurt, WI 43279",2023-09-28,Bronze,3441
84,Cynthia Bowers,cynthia.bowers3@icloud.com,673.558.6629x619,"2626 Ward Course, West Seanview, CT 17868",2023-11-11,Bronze,2881
85,Jacob Cole,jacobcole@outlook.com,+1-786-810-1581,"1839 Gina Extension Apt. 444, Thomasburgh, NE 36671",2024-07-28,Bronze,2235
86,Kevin Patton,kevin.patton44@gmail.com,(843)779-9371x240,"7569 Kevin Rapids Apt. 752, Novakport, WA 91590",2025-01-08,Silver,12657
87,Travis Johnston,travis.johnston4@icloud.com,456.246.5193,"USCGC Hahn, FPO AE 57970",2025-05-16,Silver,5444
88,Kelly Schwartz,kellyschwartz@outlook.com,(872)843-4266x17979,"891 Kayla Shoals Suite 290, Rasmussenmouth, WY 56921",2023-11-26,Bronze,3105
89,Alex Green,alex.green44@outlook.com,288.999.3756x79825,"12545 Mueller Pike Suite 571, Bowenmouth, MD 09305",2024-04-25,Bronze,3453
90,Bradley Page,bradley.page@gmail.com,7518238282,"USNS Salinas, FPO AP 24677",2024-01-27,Platinum,41467
91,Danielle Reynolds,danielle.reynolds@gmail.com,5936796603,"182 Nguyen Mount, West Emilyfort, NC 84270",2024-05-05,Gold,18266
92,Candice Carr,candicecarr@icloud.com,001-315-457-9249,"1252 Barnes Dam, Hendersonfort, SC 70936",2025-02-24,Bronze,937
93,Samantha Arias,samantha60@yahoo.com,(282)774-2257,"USCGC Taylor, FPO AA 74108",2024-10-01,Silver,7749
94,Denise Ortiz,deniseortiz@aol.com,667.472.1903x4043,"819 Joseph Plains Suite 807, South Curtis, MP 86179",2025-04-10,Platinum,33542
95,John Golden,john.golden87@hotmail.com,7748517133,"30958 Carlson Extension, Tiffanyport, LA 75570",2024-03-30,Bronze,1624
96,Stephanie Robertson,stephanie.robertson@aol.com,+1-412-660-4223x25367,"1168 Neal Wells Suite 775, Port Kimland, VA 60590",2025-01-10,Silver,9941
97,Elizabeth Howard,elizabeth.howard@icloud.com,686-736-3745,"750 Cory Tunnel, Smithburgh, NV 60337",2023-09-05,Bronze,3509
98,Victoria Patterson,victoria65@gmail.com,001-824-624-1541x520,"1103 Miller Ramp, New Erin, AL 01557",2025-02-26,Bronze,3441
99,Matthew Martinez,matthew.martinez47@gmail.com,(427)413-6111x55426,"275 Courtney Drive, Jensenmouth, VI 28975",2023-11-11,Silver,12135
100,Peggy Taylor,peggy.taylor35@icloud.com,396-556-5234,"043 Julie Hill Apt. 376, East Victorland, NC 02082",2024-06-11,Bronze,4853
101,Sarah Anderson,sarah.anderson36@yahoo.com,001-365-282-7109,"68486 Miles Corner, West Christopher, CO 67518",2025-08-20,Bronze,3806
102,James Morton,james.morton@aol.com,+1-556-391-4630,"PSC 1799, Box 0421, APO AE 93286",2023-12-20,Bronze,2662
103,Jacqueline Martin,jacqueline46@yahoo.com,(688)342-5241x056,"7850 Villarreal Expressway, Ericville, MH 75724",2025-02-09,Bronze,4883
104,Jennifer Perez,jenniferperez@hotmail.com,500.703.0756x22086,"1951 Harry Unions Apt. 617, Kiaraport, MD 11823",2024-11-07,Bronze,3329
105,Stephen Wood,stephen.wood61@yahoo.com,294-893-7597x3832,"050 Sweeney Stream Suite 138, South Travis, AR 19162",2025-03-10,Bronze,141
106,Joshua Williams,joshuawilliams@yahoo.com,486.857.1918,"2344 Howe Lock, Louisview, IN 10290",2024-02-09,Bronze,4764
107,Derek Carrillo,derek.carrillo45@icloud.com,721-527-7561,"1124 Jason Walks Suite 213, Randyton, TX 39670",2024-03-25,Platinum,48035
108,Lori Thompson,lori59@aol.com,(478)583-1712x1003,"199 Lowery Club Apt. 137, North Rebecca, MP 43957",2023-12-09,Bronze,988
109,Brad Murray,bradmurray@hotmail.com,(796)567-0662,"PSC 4472, Box 0999, APO AE 85341",2024-04-21,Bronze,3966
110,Victor Andrade,victor98@icloud.com,701.946.2638x3806,"9856 White Island Apt. 040, Morenoshire, IN 21423",2023-11-21,Platinum,36360
111,John Allen,john.allen@hotmail.com,+1-703-796-5223,"PSC 0599, Box 2937, APO AP 41009",2024-01-19,Silver,7073
112,Tracy Davis,tracydavis@gmail.com,593.408.7059,"0029 Kim Vista, Susanstad, VT 87288",2024-07-08,Silver,13042
113,Brenda Rogers,brenda.rogers37@gmail.com,622-667-5289x53926,"969 Ian Island, Lake Ariana, NM 18935",2024-05-19,Bronze,2791
114,Julie Young,julie.young@gmail.com,221-857-0433x15410,"67658 Garcia Neck Apt. 271, West Andrewview, CT 10226",2024-05-27,Gold,21565
115,George Bennett,george.bennett@icloud.com,001-418-215-9970x6296,"68844 Young Causeway, Armstrongfort, FL 07645",2024-06-11,Bronze,4610
116,Adam Miller,adam.miller16@gmail.com,+1-997-931-0324x17146,"PSC 4186, Box 2565, APO AE 58929",2023-10-09,Silver,8697
117,Jose Marshall,jose58@outlook.com,849.502.1158,"687 Thomas Common Suite 089, North Stacy, NV 23160",2024-01-12,Gold,22025
118,Teresa Stokes,teresa.stokes@icloud.com,(706)316-3294,"548 Stark Bridge Suite 162, New Brianna, WV 13634",2025-08-23,Gold,18404
119,Daniel Chan,danielchan@hotmail.com,885-464-6799x7024,"65307 Prince Brooks Suite 444, Garrisonville, VI 30379",2023-12-18,Bronze,4521
120,Kevin Manning,kevin.manning58@gmail.com,001-454-369-1373x67850,"89023 Mary Gateway Apt. 705, West Micheal, NH 66708",2024-07-09,Bronze,1896
121,Cynthia Martinez,cynthia.martinez@hotmail.com,7357797279,"140 Williams Walk Apt. 333, Denisehaven, AK 89918",2023-09-11,Silver,9334
122,Thomas Anderson,thomasanderson@aol.com,(890)734-9446,"4896 Adrian Shore, Annaport, ME 90208",2023-11-27,Bronze,4461
123,Timothy Rogers,timothy.rogers@yahoo.com,754-444-3283x096,"4666 Brandy Ports Apt. 538, Knoxstad, NY 39848",2025-06-22,Bronze,2519
124,George Sandoval,george.sandoval@icloud.com,+1-724-317-2482,"465 Green Hill, Yorkfort, AR 83652",2024-12-01,Bronze,2491
125,Betty Oliver,betty.oliver70@hotmail.com,838.916.8460x2235,"75250 Shannon Fords, New Kathy, NM 12040",2023-12-14,Bronze,4899
126,Christina Schultz,christina95@outlook.com,(267)260-0835x0583,"54216 Jackson View, West Stacymouth, VA 68696",2024-12-11,Bronze,1875
127,Alexandria Hamilton,alexandria76@icloud.com,+1-425-375-3260x33230,"4890 Ebony Shoal, North Hannahchester, NV 50341",2023-12-09,Silver,7870
128,Amy Wells,amywells@aol.com,(430)846-1849,"914 Kristen Parks, New James, KS 69070",2024-02-08,Platinum,44283
129,Michael Ortiz,michael12@outlook.com,(208)373-7530,"PSC 9721, Box 8114, APO AP 30799",2024-08-24,Bronze,2630
130,Vanessa Phillips,vanessa.phillips53@yahoo.com,201.420.4556x110,"5794 Nathan Junctions, North Richard, NH 36130",2025-06-15,Bronze,3280
131,Paul Jefferson,paul.jefferson@icloud.com,(821)720-2169x79729,"7167 Bryan Shoal, Alexanderhaven, WI 97969",2024-11-25,Bronze,2648
132,Jennifer Walker,jennifer.walker1@outlook.com,+1-258-289-1637x56289,"772 Karen Islands, West Tara, AR 66945",2024-02-24,Bronze,1536
133,Andrea Gray,andrea.gray64@icloud.com,717.379.7177,"Unit 0166 Box 0880, DPO AE 79695",2024-12-28,Silver,8335
134,Dana Wu,dana.wu57@yahoo.com,+1-937-755-0375,"30554 Park Cape, South Donald, VT 97823",2025-03-18,Bronze,4987
135,Robert King,robert.king@aol.com,831.263.7351,"PSC 9177, Box 9827, APO AE 70016",2025-03-29,Silver,6527
136,Brandon Mcconnell,brandonmcconnell@gmail.com,001-778-829-2216,"6547 Devon Rapids, Meganside, VI 41645",2025-03-10,Bronze,2390
137,Jillian Spencer,jillian.spencer62@hotmail.com,733.394.5228,"968 Rich Manors Apt. 810, Thomaston, ID 35494",2025-04-09,Bronze,4515
138,Kristen Terrell,kristenterrell@yahoo.com,+1-842-504-3805x71983,"066 Frye Spur Suite 800, Jamesmouth, MP 30064",2025-08-12,Gold,19526
139,Cynthia Mckinney,cynthia44@outlook.com,(398)893-3472x122,"422 Smith Mountain Apt. 025, Port Sarahport, NM 75562",2024-11-05,Gold,19634
140,Michael Bowers,michael.bowers85@icloud.com,583-528-1826x88615,"4398 Barajas View Apt. 157, Lake Christina, RI 32459",2023-10-05,Gold,22316
141,Felicia Flores,felicia.flores71@hotmail.com,964-984-0858,"8112 Courtney Fords, Port Gina, MP 14122",2024-02-11,Bronze,2636
142,Amanda Park,amanda.park74@aol.com,001-361-520-7501x1024,"PSC 6676, Box 6506, APO AP 16007",2024-10-24,Bronze,3365
143,Adam Cortez,adam.cortez91@aol.com,390-615-8144,"6072 Derek Lock Suite 245, New Nancyberg, DE 05976",2023-09-08,Bronze,1246
144,Ashley Long,ashley17@gmail.com,+1-414-435-3682,"12908 Newman Cliffs Suite 141, Lake Beverly, MA 47311",2023-12-13,Gold,29322
145,Emily Young,emily.young@gmail.com,791-735-7759x4929,"USNS Smith, FPO AE 29536",2025-03-11,Silver,11717
146,Jodi Graham,jodi10@yahoo.com,(325)677-7547x812,"341 Patricia Vista, Port Bonniefurt, WI 77838",2024-02-17,Bronze,3256
147,Rebecca Arnold,rebecca.arnold69@hotmail.com,+1-487-925-6394,"5803 Katherine Dam, Mooreshire, OK 86931",2025-07-13,Platinum,45989
148,Tammy Fitzgerald,tammyfitzgerald@gmail.com,750.837.3145x3038,"05184 Lane Port Apt. 665, New Johnbury, NC 53695",2024-06-05,Silver,9708
149,Lisa Reed,lisa.reed@aol.com,490.482.7231x8432,"365 Timothy Neck, Clarkburgh, SD 54358",2023-09-22,Silver,6646
150,John Anderson,john.anderson@aol.com,001-622-480-9202,"904 Jay Rest Suite 723, Burkeshire, GU 24340",2025-01-01,Bronze,459
151,Donna Baker,donnabaker@hotmail.com,001-857-499-1366x2103,"9908 Christopher Shoals, New Amber, AL 89441",2025-01-21,Silver,14272
152,Ryan Fisher,ryan.fisher@yahoo.com,3868376599,"14986 Lopez Station Apt. 981, South Diamondmouth, MT 47984",2023-11-26,Silver,11267
153,Eric Pearson,ericpearson@yahoo.com,948-469-5946x368,"4956 Melissa Shoals Apt. 372, East Williammouth, AS 72666",2024-12-24,Bronze,2080
154,Heidi Mann,heidi2@aol.com,(360)612-7961,"066 Dawson Ranch, Port Lorifort, NV 01904",2024-02-08,Silver,7588
155,Melissa Galvan,melissa.galvan39@hotmail.com,443.309.8839x20530,"Unit 6566 Box 9380, DPO AP 92726",2023-10-28,Silver,12484
156,Samantha Dunn,samantha.dunn@yahoo.com,001-689-455-4393x7690,"184 Arroyo Unions, Nancyshire, KS 91490",2024-08-13,Bronze,4685
157,Tammy Hart,tammy.hart@hotmail.com,001-735-877-9071x41633,"USS Haynes, FPO AA 33040",2024-04-15,Platinum,42969
158,Christopher Nunez,christopher.nunez@icloud.com,518-527-5539x42373,"33952 David Common, Austinside, AZ 63715",2024-06-19,Gold,27208
159,Christine Vasquez,christine30@hotmail.com,001-447-228-4639,"8085 Dalton Trail Apt. 718, Stewarttown, AL 88857",2024-02-15,Bronze,1557
160,Nicolas Garcia,nicolasgarcia@aol.com,(494)928-4347x955,"556 Hayes Ports Apt. 931, Lindaside, NE 50424",2024-02-04,Silver,5645
161,Dustin Haley,dustin5@outlook.com,(770)926-7288,"1203 Woods Roads, South Julieview, MN 47727",2024-11-13,Silver,6476
162,Angela Patrick,angelapatrick@hotmail.com,(706)715-9399x824,"716 Ford Drive Apt. 569, Sweeneyland, CO 21734",2024-05-28,Bronze,4418
163,Jeremy Stewart,jeremy68@hotmail.com,249-464-7598x7622,"132 Garcia Circles Suite 800, Warrenland, CT 34901",2024-12-28,Gold,19210
164,Eric Pena,eric38@outlook.com,(743)934-7228x2005,"728 Brittany Motorway Suite 884, Timothybury, AS 12239",2024-08-13,Gold,22673
165,Kyle Gutierrez,kyle.gutierrez29@yahoo.com,(240)908-2547,"USCGC Evans, FPO AA 38894",2024-12-11,Platinum,48262
166,Jerry Smith,jerry.smith@outlook.com,(336)886-6326x634,"8463 Ian Highway Apt. 797, Jackiefort, ID 42528",2023-09-20,Bronze,2147
167,Edwin Booker,edwinbooker@aol.com,3214442703,"6475 Terry Bypass, Christopherberg, AR 35432",2025-04-29,Bronze,4599
168,Philip Daniels,philip.daniels@icloud.com,(534)260-1367,"376 Mayer Estate, Lake Sharonhaven, DE 33703",2024-09-12,Silver,12606
169,Danielle Gonzalez,danielle.gonzalez@hotmail.com,3318365024,"97925 John Parks, Lake Christineton, AR 47099",2025-01-17,Bronze,304
170,Eric Herrera,ericherrera@outlook.com,227-835-8573,"0778 Daniels Overpass, New Jacob, MI 42926",2025-03-26,Gold,17222
171,Taylor Dillon,taylor.dillon96@hotmail.com,+1-282-818-2744x857,"593 Le Shoals, Leefort, WI 72782",2024-01-02,Silver,7531
172,Chloe Morris,chloe.morris63@aol.com,+1-551-318-1022x0317,"789 Williams Forges Apt. 037, South Laurieton, MN 73641",2025-04-04,Gold,19583
173,Sharon Perry,sharon.perry57@hotmail.com,(309)548-0141x381,"83928 Reese Trafficway, Emilychester, FM 14145",2024-01-12,Platinum,41884
174,Laura Pierce,laura48@aol.com,552.589.7558x55665,"7760 Tonya Ranch Apt. 824, West Traceyborough, PR 41776",2023-09-21,Bronze,2260
175,Kelsey Harding,kelseyharding@gmail.com,488-689-9210x752,"44196 Jessica Stream, Lauraburgh, NM 90887",2025-03-03,Silver,14783
176,Barbara Velez,barbaravelez@gmail.com,+1-540-296-1055x661,"48058 Mark Square Apt. 206, Mullinsshire, NY 12308",2024-02-24,Silver,8362
177,Ryan Hartman,ryanhartman@icloud.com,(625)317-9086,"227 Tony Run Apt. 898, East Charles, WI 56870",2024-05-13,Gold,18817
178,Gail Johnston,gail77@yahoo.com,266-655-3559,"792 Williams Viaduct Apt. 352, North Jodibury, RI 19857",2025-07-10,Gold,17370
179,Marissa Roberts,marissa.roberts@icloud.com,914-477-0538x33884,"9804 Brian Flats, Briantown, CA 51441",2025-01-29,Silver,5422
180,Joseph Christian,joseph31@hotmail.com,+1-351-404-6368x15798,"003 Cook Lock Apt. 055, Colleenbury, NY 36660",2025-05-27,Bronze,2173
181,Bryan Scott,bryan.scott@aol.com,(508)843-2562x1689,"4957 Jamie Dam, Port Devin, UT 92924",2025-08-02,Silver,12802
182,Alexandria Taylor,alexandria.taylor@hotmail.com,001-829-825-1881x25205,"31220 Obrien Ridge Apt. 933, West Christopherfort, DC 66341",2025-06-23,Bronze,1814
183,Cassandra Joseph,cassandra94@gmail.com,(626)877-2233x060,"12797 Delacruz Gateway, Sullivanton, PA 96882",2025-06-06,Bronze,255
184,Omar Edwards,omar.edwards@outlook.com,+1-899-288-0817x703,"47644 Jackson Hill, Lake Zacharyberg, NH 85186",2024-08-20,Bronze,3633
185,Christopher Mason,christophermason@gmail.com,(498)926-6570,"1452 Christopher Squares, Waltersland, NC 93205",2024-06-29,Bronze,2252
186,Jessica Hester,jessica71@icloud.com,+1-426-286-0259x222,"742 Rachel Flats Apt. 940, Jimenezfort, ND 01254",2024-12-20,Bronze,4893
187,Nicole Young,nicole.young78@outlook.com,001-577-667-1990,"22050 Melissa Shores, Markland, AR 14773",2024-07-24,Bronze,937
188,Victoria Martin,victoriamartin@aol.com,799-898-2795x0145,"147 David Wall Suite 586, Lake Jason, AR 14827",2024-11-21,Bronze,1871
189,Jessica Fuller,jessica.fuller@outlook.com,779-446-9548,"772 Jeanette Fields Apt. 107, Lake Melaniechester, MT 06463",2024-05-21,Bronze,2560
190,Michael Shaffer,michael.shaffer88@hotmail.com,703.244.1448,"6990 James Village Suite 770, South Eric, NH 70882",2025-07-31,Bronze,699
191,Matthew Bowers,matthew96@gmail.com,(408)649-5880x39551,"8299 Lopez Crescent Suite 504, Millerbury, MN 59733",2025-06-10,Gold,24115
192,Stephanie Robinson,stephanie.robinson@icloud.com,521-750-3178x0782,"PSC 8452, Box 1823, APO AP 05292",2024-08-26,Bronze,3464
193,Paul Hancock,paul7@aol.com,304-609-1570,"353 Justin Place Suite 714, East Joshua, AL 82151",2024-11-12,Bronze,4734
194,Willie Clark,willieclark@yahoo.com,(785)942-4932x149,"0160 Ronald Fall, Jensenport, MA 26472",2025-03-11,Gold,20736
195,Katherine Lamb,katherine15@hotmail.com,979-921-7174,"94562 Mccormick Islands, Freemanland, NJ 15297",2024-06-03,Silver,12030
196,Timothy Singleton,timothy.singleton@icloud.com,959-892-8161x5814,"382 Reyes Junctions, Port Heather, NE 57563",2024-11-18,Silver,9381
197,Kristin Stephens,kristin90@hotmail.com,721.397.1997,"6191 Murphy Rue, North Jeffberg, FM 76623",2025-08-06,Gold,20751
198,Kari Pacheco,kari.pacheco85@yahoo.com,001-622-878-4699x73354,"90986 Melissa Circle Suite 800, Danielport, VI 04588",2024-03-05,Bronze,251
199,Ryan Lawrence,ryan.lawrence49@icloud.com,+1-856-766-6832x7238,"2201 Douglas Oval, Proctorberg, CO 18486",2025-01-15,Bronze,1289
200,Linda Dalton,linda.dalton@aol.com,001-596-492-7868x765,"738 Jenkins Plains, Arthurton, OK 63843",2025-03-05,Gold,17549
